Vector,Class,KM avg dist,KM assigned to,DB avg dist,DB assigned to
class0_slot_00,0,38.3027,—,41.1388,—
class0_slot_01,0,39.1003,—,41.7844,—
class0_slot_02,0,39.3590,—,40.8699,—
class0_slot_03,0,39.4938,—,41.0388,—
class0_slot_04,0,38.9189,—,41.4353,—
class0_slot_05,0,37.6050,—,40.0722,—
class0_slot_06,0,39.1984,—,41.7507,—
class0_slot_07,0,38.9449,—,41.2713,—
class0_slot_08,0,41.3751,—,44.2856,—
known_class1,Pickup trucks,36.3523,—,54.4312,—
test_vec,Vehicles,45.4692,cluster_1 (5/10 iters),51.6207,noise (10/10 iters)
negative_control,Tanks,53.1705,cluster_1 (6/10 iters),57.5942,noise (10/10 iters)
